mut_nt,A,C,D,E,F,G,H,I,K,L,M,N,P,Q,R,S,T,V,W,Y
AAA,15.0,1.0,1.0,26431.0,5.0,14.0,0.0,10363.0,1.0,69.0,4.0,29012.0,1.0,10936.0,17312.0,10.0,20661.0,2.0,0.0,9.0
AAC,17.0,3.0,15277.0,2.0,39.0,25.0,6290.0,8415.0,30470.0,21.0,17.0,1.0,15.0,3.0,8.0,35222.0,10280.0,1.0,0.0,6367.0
AAG,58.0,0.0,8.0,25746.0,2.0,21.0,4.0,136.0,0.0,25.0,17164.0,101681.0,9.0,10322.0,33952.0,24.0,23479.0,4.0,23.0,8.0
AAT,14.0,4.0,14432.0,0.0,21.0,23.0,10613.0,9662.0,17618.0,8.0,2.0,0.0,14.0,0.0,19.0,29410.0,6751.0,5.0,0.0,6722.0
ACA,24642.0,0.0,0.0,9.0,1.0,4.0,6.0,24750.0,15790.0,45.0,65.0,19.0,4933.0,38.0,6718.0,7247.0,0.0,31.0,0.0,0.0
ACC,74717.0,8.0,16.0,2.0,56.0,9.0,8.0,53924.0,119.0,37.0,33.0,19478.0,17434.0,1.0,28.0,16429.0,0.0,41.0,0.0,2.0
ACG,7606.0,0.0,0.0,3.0,0.0,3.0,1.0,51.0,7698.0,74.0,121223.0,9.0,1747.0,14.0,4072.0,2403.0,0.0,22.0,0.0,0.0
ACT,20373.0,9.0,8.0,0.0,110.0,3.0,5.0,23873.0,13.0,24.0,10.0,12571.0,5611.0,0.0,0.0,14868.0,0.0,29.0,0.0,3.0
AGA,3.0,0.0,0.0,15.0,0.0,14506.0,0.0,42771.0,47685.0,17.0,0.0,31.0,3.0,30.0,0.0,9093.0,25516.0,3.0,0.0,0.0
AGC,40.0,9658.0,21.0,0.0,6.0,18512.0,16.0,24418.0,31.0,8.0,1.0,47526.0,19.0,1.0,36196.0,2.0,7727.0,11.0,0.0,32.0
AGG,1.0,1.0,1.0,25.0,0.0,13187.0,1.0,172.0,35184.0,28.0,29433.0,67.0,9.0,38.0,0.0,32955.0,5368.0,32.0,8198.0,0.0
AGT,32.0,8037.0,7.0,1.0,54.0,15692.0,24.0,15012.0,72.0,70.0,0.0,23833.0,18.0,1.0,18240.0,0.0,7134.0,5.0,0.0,8.0
ATA,15.0,0.0,3.0,1.0,0.0,12.0,0.0,0.0,4092.0,5943.0,12428.0,19.0,2.0,0.0,2137.0,9.0,12203.0,14022.0,0.0,0.0
ATC,15.0,5.0,35.0,0.0,13043.0,8.0,11.0,0.0,84.0,5730.0,26840.0,10184.0,21.0,0.0,5.0,8481.0,21068.0,27522.0,0.0,5.0
ATG,34.0,0.0,0.0,24.0,0.0,18.0,0.0,118089.0,8158.0,16268.0,0.0,73.0,6.0,8.0,5700.0,25.0,27436.0,36151.0,6.0,0.0
ATT,21.0,0.0,3.0,0.0,9868.0,3.0,8.0,0.0,21.0,5382.0,9050.0,8385.0,6.0,1.0,4.0,7214.0,17557.0,23162.0,0.0,6.0
CAA,8.0,0.0,1.0,15255.0,0.0,0.0,16154.0,2.0,23487.0,5568.0,0.0,0.0,4503.0,0.0,13139.0,14.0,15.0,2.0,0.0,3.0
CAC,8.0,9.0,5730.0,0.0,20.0,2.0,0.0,6.0,0.0,6199.0,0.0,18319.0,9608.0,20810.0,17754.0,13.0,21.0,0.0,0.0,40968.0
CAG,15.0,0.0,0.0,21243.0,3.0,27.0,82697.0,1.0,44983.0,22900.0,12.0,1.0,12392.0,0.0,38356.0,14.0,19.0,4.0,12.0,0.0
CAT,1.0,17.0,6242.0,0.0,15.0,2.0,0.0,16.0,0.0,9222.0,0.0,18641.0,6027.0,8718.0,34033.0,13.0,3.0,1.0,0.0,52447.0
CCA,10992.0,4.0,0.0,6.0,0.0,1.0,38.0,95.0,183.0,49235.0,2.0,0.0,0.0,33649.0,6051.0,68222.0,25968.0,7.0,0.0,0.0
CCC,9376.0,56.0,10.0,0.0,3254.0,3.0,35522.0,96.0,1.0,96403.0,1.0,133.0,0.0,251.0,10346.0,95364.0,22485.0,38.0,0.0,39.0
CCG,2978.0,0.0,0.0,0.0,1.0,6.0,5.0,1.0,63.0,88387.0,77.0,1.0,0.0,19098.0,4551.0,30731.0,7504.0,24.0,0.0,0.0
CCT,10511.0,22.0,1.0,0.0,2683.0,0.0,42204.0,80.0,2.0,61454.0,0.0,169.0,0.0,40.0,9864.0,105608.0,24904.0,42.0,0.0,56.0
CGA,15.0,0.0,0.0,3.0,0.0,7934.0,26.0,9.0,18.0,18301.0,0.0,0.0,7479.0,160133.0,1.0,8.0,5.0,1.0,35.0,0.0
CGC,4.0,194302.0,1.0,0.0,81.0,6917.0,230701.0,4.0,2.0,24612.0,0.0,8.0,8875.0,57.0,0.0,20744.0,13.0,4.0,0.0,18.0
CGG,2.0,18.0,0.0,26.0,2.0,7969.0,93.0,3.0,67.0,44372.0,20.0,2.0,9091.0,183979.0,0.0,24.0,4.0,3.0,240361.0,2.0
CGT,0.0,143513.0,0.0,1.0,15.0,4761.0,143029.0,7.0,5.0,14436.0,0.0,6.0,5532.0,74.0,0.0,12969.0,0.0,9.0,0.0,42.0
CTA,3.0,0.0,0.0,1.0,0.0,2.0,0.0,12430.0,6.0,0.0,2.0,2.0,8011.0,3218.0,1987.0,60.0,7.0,8232.0,0.0,0.0
CTC,21.0,5.0,0.0,1.0,50177.0,1.0,7792.0,30170.0,2.0,0.0,1.0,13.0,15733.0,29.0,7811.0,22.0,11.0,12125.0,0.0,22.0
CTG,24.0,0.0,0.0,11.0,2.0,26.0,24.0,0.0,44.0,3.0,54777.0,0.0,46036.0,18560.0,29244.0,33.0,11.0,24592.0,46.0,0.0
CTT,0.0,5.0,3.0,0.0,47217.0,0.0,6349.0,28821.0,0.0,0.0,0.0,20.0,12952.0,2.0,14762.0,51.0,15.0,12067.0,0.0,56.0
GAA,8765.0,1.0,32224.0,0.0,0.0,22508.0,6.0,79.0,259303.0,79.0,0.0,37.0,8.0,33373.0,11.0,16.0,62.0,10066.0,0.0,0.0
GAC,8232.0,50.0,0.0,36760.0,51.0,39066.0,27050.0,38.0,5.0,6.0,3.0,126937.0,9.0,0.0,24.0,65.0,12.0,17089.0,0.0,51937.0
GAG,10326.0,0.0,95848.0,1.0,1.0,33437.0,0.0,6.0,233953.0,141.0,55.0,6.0,42.0,66773.0,35.0,24.0,48.0,19258.0,9.0,7.0
GAT,5490.0,27.0,0.0,17989.0,31.0,22934.0,31167.0,17.0,3.0,2.0,10.0,135519.0,2.0,0.0,13.0,42.0,3.0,13105.0,2.0,51312.0
GCA,0.0,0.0,6.0,17230.0,0.0,5312.0,0.0,28.0,17.0,49.0,13.0,0.0,5704.0,10.0,20.0,21965.0,73431.0,33696.0,0.0,0.0
GCC,0.0,11.0,26759.0,186.0,101.0,11885.0,3.0,58.0,1.0,20.0,5.0,28.0,12443.0,7.0,2.0,40079.0,132670.0,95795.0,0.0,20.0
GCG,0.0,0.0,8.0,9469.0,0.0,4005.0,0.0,2.0,8.0,36.0,20.0,1.0,2423.0,14.0,8.0,6194.0,29069.0,113886.0,0.0,0.0
GCT,0.0,3.0,20647.0,23.0,88.0,6913.0,1.0,33.0,1.0,13.0,1.0,19.0,8112.0,0.0,0.0,26495.0,56676.0,42972.0,0.0,11.0
GGA,14808.0,1.0,86.0,112590.0,3.0,0.0,0.0,192.0,2529.0,363.0,0.0,0.0,1.0,13.0,96692.0,39.0,88.0,35733.0,0.0,0.0
GGC,10768.0,42857.0,85732.0,93.0,332.0,0.0,23.0,93.0,2.0,40.0,2.0,971.0,20.0,3.0,7923.0,85669.0,26.0,32055.0,0.0,30.0
GGG,5955.0,2.0,59.0,57140.0,0.0,0.0,0.0,0.0,1617.0,306.0,123.0,1.0,6.0,21.0,73117.0,16.0,26.0,35717.0,53583.0,0.0
GGT,10401.0,41361.0,60088.0,52.0,308.0,0.0,21.0,59.0,6.0,45.0,0.0,606.0,137.0,0.0,10882.0,41837.0,10.0,38630.0,14.0,22.0
GTA,12718.0,0.0,3.0,2994.0,0.0,2203.0,0.0,26684.0,12.0,13250.0,0.0,0.0,7.0,0.0,0.0,10.0,11.0,0.0,0.0,0.0
GTC,17709.0,6.0,6073.0,19.0,69884.0,4951.0,6.0,75170.0,3.0,6110.0,0.0,39.0,0.0,1.0,2.0,21.0,36.0,1.0,1.0,6.0
GTG,28883.0,0.0,82.0,92154.0,16.0,17441.0,0.0,1.0,2117.0,51646.0,128072.0,0.0,10.0,17.0,344.0,34.0,77.0,0.0,29.0,0.0
GTT,18788.0,11.0,5340.0,87.0,17589.0,7149.0,10.0,36640.0,3.0,6078.0,1.0,37.0,2.0,0.0,1.0,22.0,31.0,0.0,0.0,2.0
TAC,1.0,41587.0,4465.0,0.0,9073.0,2.0,23425.0,2.0,3.0,53.0,1.0,8942.0,12.0,10.0,22.0,5197.0,8.0,0.0,0.0,0.0
TAT,2.0,42660.0,4402.0,0.0,7954.0,4.0,17049.0,13.0,0.0,18.0,0.0,6286.0,6.0,0.0,1.0,4671.0,0.0,6.0,2.0,0.0
TCA,4918.0,4.0,0.0,2.0,19.0,21.0,1.0,33.0,24.0,67981.0,0.0,0.0,10634.0,0.0,4.0,0.0,5005.0,13.0,5.0,21.0
TCC,5690.0,24166.0,10.0,0.0,158075.0,8.0,30.0,54.0,1.0,175.0,0.0,35.0,19061.0,0.0,6.0,1.0,7198.0,61.0,13.0,22166.0
TCG,1246.0,5.0,0.0,6.0,35.0,0.0,0.0,0.0,1.0,94880.0,11.0,2.0,3441.0,5.0,1.0,0.0,1467.0,5.0,4873.0,10.0
TCT,10158.0,48826.0,2.0,34.0,112718.0,2.0,8.0,35.0,1.0,331.0,0.0,156.0,33076.0,0.0,8.0,1.0,5786.0,118.0,5.0,47749.0
TGC,19.0,0.0,1.0,0.0,23249.0,4798.0,8.0,3.0,0.0,32.0,0.0,4.0,14.0,3.0,12064.0,11076.0,14.0,3.0,7188.0,30915.0
TGG,19.0,29503.0,0.0,0.0,217.0,4891.0,4.0,1.0,134.0,26913.0,43.0,2.0,0.0,28.0,17453.0,3794.0,3.0,9.0,0.0,52.0
TGT,1.0,0.0,4.0,0.0,18234.0,4325.0,21.0,5.0,0.0,36.0,1.0,5.0,5.0,6.0,11228.0,10417.0,1.0,2.0,3750.0,21995.0
TTA,1.0,0.0,0.0,0.0,8029.0,1.0,0.0,3562.0,6.0,0.0,0.0,0.0,68.0,3.0,2.0,7497.0,0.0,7526.0,0.0,13.0
TTC,9.0,5529.0,12.0,0.0,0.0,4.0,10.0,7170.0,2.0,76658.0,0.0,14.0,36.0,0.0,4.0,11960.0,4.0,11820.0,8.0,5122.0
TTG,22.0,13.0,1.0,2.0,38452.0,9.0,0.0,0.0,2.0,0.0,5362.0,0.0,68.0,5.0,7.0,10459.0,11.0,8188.0,3836.0,5.0
TTT,2.0,15374.0,2.0,1.0,0.0,4.0,9.0,7918.0,8.0,26572.0,0.0,0.0,0.0,0.0,0.0,10644.0,10.0,11027.0,0.0,6178.0
